ubigeo,village,pr_2021,pr_2010,ro_2021,ro_2010,soil_2021,soil_2010,tmmx_2021,tmmx_2010,tmmn_2021,tmmn_2010,etp_2021,etp_2010,humidity_2021,humidity_2010,pop_2020,pop_2010,def_2021,def_2010,ghs_2010_mean,ghs_2020_mean,ln_2021,ln_2014,lat,lon,malaria_2010,malaria_2019,poblacion,vivax,falciparum,malaria,dengue,lepto,pr_mean,ro_mean,soil_mean,tmmx_mean,tmmn_mean,etp_mean,humidity_mean,pop_mean,def_mean,ghs_mean,ln_mean,malaria_mean,pr_diff,ro_diff,soil_diff,tmmx_diff,tmmn_diff,etp_diff,humidity_diff,pop_diff,def_diff,ghs_diff,ln_diff,malaria_diff
1601130022,PEÑA NEGRA,3003.5228286,1711.0184708,1973.7409131,777.1561355,487.1143211,420.4041497,377.2085273,377.6035159,262.171343,262.5663316,31.131048158333332,31.43682485,0.2184728,0.2177948,2.7544162,1.5144129,0.8495356,0.711237,82.72180070814365,106.30842185128984,2.3925664,1.4091731,-3.8631473619999497,-73.33677619199995,1,4,736,0.009510869565217392,0,0.009510869565217392,0.010869565217391304,0.004076086956521739,2357.2706497,1375.4485243,453.75923539999997,377.40602160000003,262.3688373,31.283936504166668,0.2181338,2.13441455,0.7803863,94.51511127971673,1.90086975,1840,1292.5043578000002,1196.5847776,66.71017139999998,-0.3949885999999765,-0.39498860000003333,-0.30577669166666865,6.779999999999842e-4,1.2400033000000001,0.13829859999999994,23.58662114314619,0.9833933000000001,0.004076086956521739
1601130004,PUERTO ALMENDRAS,3005.5606713,1709.9999505,1975.6000297,776.5313629,478.9061934,413.7691222,378.4208575,378.7052181,262.3170652,262.6014258,31.15949129166667,30.75508555,0.2185268,0.2178004,1.1825184,0.6682649,0.6464356,1.0140521,55.79177215189873,71.12518987341772,1.6253562,1.1789836,-3.831724965999967,-73.37801906399994,18,35,201,0.10945273631840796,0,0.10945273631840796,0,0,2357.7803109,1376.0656963000001,446.3376578,378.5630378,262.4592455,30.957288420833336,0.2181636,0.92539165,0.83024385,63.458481012658225,1.4021699,5326.5,1295.5607208000001,1199.0686668,65.13707119999998,-0.2843606000000136,-0.2843606000000136,0.4044057416666682,7.263999999999882e-4,0.5142534999999999,-0.3676165,15.333417721518991,0.4463725999999999,0.0845771144278607
1601130070,UNION PROGRESO,3004.7093196,1711.9085867,1974.6008715,777.9957413,485.8812172,419.2018471,377.3746063,377.763504,262.1727444,262.5616421,30.941474475,31.27390025,0.2184848,0.2178044,2.7881847,1.5185936,0.852955,0.8757627,90.30311471258548,116.7337300582426,2.5993518,1.5723015,-3.8568092579999416,-73.33871701599998,0,0,216,0.004629629629629629,0,0.004629629629629629,0,0,2358.30895315,1376.2983064,452.54153214999997,377.56905515,262.36719325,31.107687362500002,0.21814460000000002,2.1533891499999998,0.86435885,103.51842238541404,2.08582665,0,1292.8007329000002,1196.6051302,66.67937009999997,-0.38889770000002954,-0.3888976999999727,-0.3324257750000008,6.803999999999977e-4,1.2695911,-0.022807699999999986,26.430615345657117,1.0270503,0
1601130005,NINA RUMI,3006.0720939,1708.4925676,1975.999455,775.4281043,480.6200872,415.7574125,378.236369,378.5011347,262.2708106,262.5355763,31.623332016666662,30.869878316666668,0.2185641,0.2178143,0.8219515,0.6272721,0.8386991,0.7689865,34.60997847283779,45.77827022920096,1.3249509,0.8608395,-3.8447595399999273,-73.38588096899997,29,88,672,0.10119047619047619,0,0.10119047619047619,0,0,2357.28233075,1375.7137796499999,448.18874985,378.36875185,262.40319345,31.246605166666665,0.2181892,0.7246117999999999,0.8038428,40.194124351019376,1.0928952,39312,1297.5795262999998,1200.5713507,64.86267470000001,-0.2647656999999981,-0.2647656999999981,0.7534536999999943,7.498000000000227e-4,0.19467939999999995,0.06971260000000001,11.168291756363175,0.46411139999999995,0.08779761904761904
1601130024,VARILLAL,3002.8927156,1707.225223,1973.3673935,773.0794351,490.1191427,423.9776858,376.9163479,377.3191675,262.0516601,262.4544797,31.751943591666667,31.784402016666668,0.218355,0.2176561,1.898861,1.1489897,1.3166787,0.6764592,37.850721701696635,52.714864522663966,1.5268432,0.7229853,-3.8876902749999545,-73.35141680199996,9,64,743,0.14535666218034993,0,0.14535666218034993,0.014804845222072678,0.014804845222072678,2355.0589693,1373.2234143,457.04841425,377.11775769999997,262.2530699,31.768172804166667,0.21800555,1.5239253499999998,0.99656895,45.2827931121803,1.12491425,27119.5,1295.6674926,1200.2879584,66.14145689999998,-0.4028195999999866,-0.4028195999999866,-0.03245842500000151,6.989000000000023e-4,0.7498712999999999,0.6402194999999999,14.86414282096733,0.8038579,0.0740242261103634
1601130027,NUEVA ESPERANZA,3005.3332012,1703.0425047,1979.643119,774.2021698,488.3264243,424.520539,377.3908055,377.6935252,261.7465471,262.0492668,32.03253865833334,31.330586175,0.2179684,0.2171179,0.2940602,0.2365681,0.6262015,0.1041197,3.414334557426871,7.368620995314677,0.7725369,0.3908181,-3.906267507999928,-73.41363058399997,1,0,36,0.027777777777777776,0,0.027777777777777776,0,0,2354.18785295,1376.9226444,456.42348165,377.54216535,261.89790695,31.68156241666667,0.21754315000000002,0.26531415,0.3651606,5.391477776370774,0.5816775,18,1302.2906965,1205.4409492,63.8058853,-0.30271970000001147,-0.30271970000001147,0.7019524833333364,8.50500000000004e-4,0.05749209999999999,0.5220817999999999,3.9542864378878058,0.38171879999999997,-0.027777777777777776
1601130025,MORALILLO,2994.0660985,1701.1881379,1966.5732336,767.3837578,495.1489248,429.0367159,376.5606729,377.1028293,262.291864,262.8340204,32.708934375,33.03528073333333,0.2182433,0.2175433,1.1486127,0.7811473,0.9796631,0.4089672,14.369119878603945,23.750885179564996,0.9842637,0.4837534,-3.915436227999976,-73.34036586599996,2,2,201,0.03980099502487562,0,0.03980099502487562,0,0.004975124378109453,2347.6271182,1366.9784957000002,462.09282035,376.8317511,262.56294219999995,32.87210755416666,0.2178933,0.96488,0.69431515,19.06000252908447,0.73400855,402,1292.8779606,1199.1894758,66.11220889999998,-0.5421564000000103,-0.5421564000000103,-0.3263463583333319,7.000000000000062e-4,0.36746539999999994,0.5706959,9.381765300961051,0.5005103,0
1601130063,BUENA ESPERANZA,2991.5530006,1702.4016056,1964.5741117,769.9827048,494.0549482,427.3423658,376.6481738,377.1477576,262.5321027,263.0316864,32.930620991666665,33.147929141666665,0.2184038,0.2177498,1.3856695,0.9444239,0.7310387,0.4552009,16.64731182795699,25.32624920936117,1.2451037,0.5479068,-3.8989590399999656,-73.32251329799993,0,0,17,0.058823529411764705,0,0.058823529411764705,0,0.058823529411764705,2346.9773031,1367.27840825,460.698657,376.8979657,262.78189455,33.03927506666666,0.21807680000000002,1.1650467,0.5931198,20.98678051865908,0.89650525,0,1289.1513949999999,1194.5914069,66.71258240000003,-0.49958379999998215,-0.4995837000000165,-0.21730815000000092,6.540000000000157e-4,0.4412456000000001,0.2758378,8.678937381404179,0.6971969,0
1601130064,SANTA BARBARA,2985.5041322,1694.6661058,1958.7553323,761.7135151,499.9274954,434.1001485,376.6348741,377.3634137,262.779997,263.5085366,32.769844166666665,33.324430075,0.2182245,0.2175428,0.5727703,0.5001357,0.6224651,0.3043442,2.8623307604707073,7.567379476148298,0.7382299,0.3441574,-3.944115303999979,-73.32907199499994,0,0,40,0,0,0,0.025,0.375,2340.0851190000003,1360.2344237,467.01382194999996,376.99914390000004,263.14426679999997,33.047137120833334,0.21788364999999998,0.536453,0.46340465,5.214855118309503,0.54119365,0,1290.8380264000002,1197.0418172,65.82734690000001,-0.7285396000000333,-0.7285396000000333,-0.5545859083333369,6.816999999999795e-4,0.0726346,0.3181209,4.7050487156775915,0.3940725,0
1601130065,SAN CARLOS,2984.9153701,1692.8776137,1958.3824695,759.8125062,500.9460708,435.6082252,376.7245169,377.5052423,262.6905411,263.4712665,32.74498173333333,33.037977641666664,0.2181532,0.2174355,0.5562915,0.4652877,0.7087396,0.5550438,4.777848101265823,9.97632911392405,0.7467126,0.340623,-3.959130398999946,-73.34505209399998,3,4,86,0.011627906976744186,0,0.011627906976744186,0.011627906976744186,0.03488372093023256,2338.8964919,1359.09748785,468.277148,377.1148796,263.0809038,32.891479687499995,0.21779435,0.5107896000000001,0.6318917,7.377088607594937,0.5436677999999999,301,1292.0377564,1198.5699633,65.33784559999998,-0.7807253999999944,-0.7807253999999944,-0.29299590833333156,7.176999999999878e-4,0.09100380000000002,0.15369580000000005,5.1984810126582275,0.40608959999999994,0.011627906976744186
1601130028,EL DORADO,2997.2832533,1698.1363299,1972.7488738,767.4091382,495.442785,431.310841,377.006861,377.4966338,261.8811197,262.3708925,31.86200953333333,32.091578416666664,0.2175948,0.2167523,0.5294893,0.3033259,0.5415549,0.584199,10.342151898734178,21.86139240506329,0.8318282,0.4926375,-3.954165474999968,-73.40641990799998,2,1,90,0.011111111111111112,0,0.011111111111111112,0,0,2347.7097916000002,1370.079006,463.37681299999997,377.2517474,262.12600610000004,31.976793975,0.21717355,0.4164076,0.5628769499999999,16.101772151898736,0.66223285,135,1299.1469234,1205.3397356,64.13194400000003,-0.4897727999999688,-0.48977280000002565,-0.22956888333333225,8.42499999999996e-4,0.22616340000000007,-0.042644100000000074,11.519240506329114,0.3391907,-0.011111111111111112
1601130034,NUEVO MILAGRO,2998.0975078,1700.3967696,1971.4787693,767.5107764,495.6623545,430.5463311,376.7063023,377.2918545,261.9441213,262.5296735,31.992602983333335,32.428026325000005,0.2179974,0.2172507,0.6840985,0.4770663,0.927427,0.5974134,8.920263257815467,21.79331730160739,0.8712194,0.5111191,-3.93826106399996,-73.37464131199994,1,0,163,0.09815950920245399,0,0.09815950920245399,0,0,2349.2471387,1369.4947728500001,463.1043428,376.99907840000003,262.2368974,32.210314654166666,0.21762405,0.5805824,0.7624202,15.35679027971143,0.69116925,81.5,1297.7007382000002,1203.9679929,65.11602340000002,-0.5855521999999951,-0.5855521999999951,-0.4354233416666702,7.467000000000168e-4,0.20703220000000006,0.3300136,12.873054043791925,0.36010029999999993,-0.006134969325153374
1601130036,VILLA EL BUEN PASTOR,2992.5145915,1697.1551306,1965.9016499,763.8887182,498.1016499,432.7999009,376.7067879,377.3862706,262.2597037,262.9391864,32.44658148333333,32.685329349999996,0.2180965,0.217375,0.73568770000000006,0.5060649,0.7988027,0.6248321,9.21761133603239,21.24418016194332,0.83656,0.502072,-3.949059888999954,-73.36246788399995,1,0,65,0.26153846153846155,0,0.26153846153846155,0.015384615384615385,0.015384615384615385,2344.8348610499997,1364.89518405,465.4507754,377.04652925,262.59944505,32.56595541666667,0.21773575,0.6208763,0.7118173999999999,15.230895748987855,0.669316,32.5,1295.3594609,1202.0129317,65.30174899999997,-0.6794826999999941,-0.6794826999999941,-0.2387478666666638,7.21499999999986e-4,0.22962280000000002,0.17397059999999998,12.02656882591093,0.334488,-0.015384615384615385
1601130026,SAN JOSE,3001.1153123,1701.5449371,1975.3038206,770.2562605,493.4020934,428.8071315,376.8933535,377.3627586,261.8044789,262.273884,31.879494508333337,31.931540125,0.2178422,0.2170491,0.57298,0.3972735,0.798444,0.463028,8.569602632245001,20.288407997975195,0.8594224,0.4879317,-3.931735723999964,-73.39156817399999,1,2,123,0.024390243902439025,0,0.024390243902439025,0.016260162601626018,0.008130081300813009,2351.3301247,1372.7800405500002,461.10461245,377.12805605,262.03918145,31.905517316666668,0.21744565,0.48512675000000005,0.630736,14.429005315110098,0.67367705,184.5,1299.5703752,1205.0475601,64.59496189999999,-0.46940510000001723,-0.46940510000001723,-0.052045616666664074,7.931000000000188e-4,0.17570650000000004,0.33541600000000005,11.718805365730194,0.3714907,0.008130081300813009
1601130012,3 DE OCTUBRE,2986.0955707,1693.2473246,1959.7917658,759.8947681,500.7274376,435.5174841,376.8644075,377.6051526,262.5652101,263.3059552,32.834098166666664,32.75151270833334,0.2181697,0.2174368,0.6192411,0.4431963,0.7273676,0.7182167,6.706686930091186,15.56775582573455,0.7803814,0.4570114,-3.9662161749999423,-73.36157188999994,0,0,35,0,0,0,0,0,2339.67144765,1359.8432669499998,468.12246085,377.23478005000004,262.93558265,32.7928054375,0.21780325,0.5312186999999999,0.7227921500000001,11.137221377912867,0.6186964,0,1292.8482460999999,1199.8969977,65.20995349999998,-0.7407450999999696,-0.7407451000000265,0.08258545833332676,7.328999999999808e-4,0.1760448,0.009150899999999962,8.861068895643363,0.32337,0
1601130013,BELEN DE JUDA,2984.81202,1692.3494525,1958.7281871,759.1783184,500.9015359,435.9633404,377.1776693,377.8384333,262.5741664,263.2349304,32.94658976666667,32.72353865,0.2180391,0.2172351,0.5707309,0.3686192,0.7296717,0.8356661,8.457663586887735,20.84672826224529,0.7858434,0.4638509,-3.978226551999967,-73.38412630799996,0,0,23,0,0,0,0,0,2338.58073625,1358.95325275,468.43243815,377.50805130000003,262.9045484,32.835064208333336,0.2176371,0.46967505,0.7826689,14.652195924566513,0.62484715,0,1292.4625674999997,1199.5498687,64.9381955,-0.6607640000000288,-0.6607639999999719,0.22305111666666733,8.040000000000269e-4,0.20211170000000006,-0.10599439999999993,12.389064675357554,0.32199249999999996,0
1601130031,13 DE FEBRERO,2972.6731398,1687.3040226,1943.9527395,752.4364906,501.1398296,437.7691866,377.6803032,378.178495,262.5060141,263.0042059,32.939257575,32.974979508333334,0.2177098,0.2166991,0.5044411,0.3097244,0.4669749,0.7821411,7.234780407543349,11.815086697886343,0.6885423,0.3381381,-4.014409999999941,-73.43398833299995,29,0,670,0.005970149253731343,0,0.005970149253731343,0.0029850746268656717,0,2329.9885812,1348.19461505,469.4545081,377.9293991,262.75511,32.95711854166667,0.21720445,0.40708275,0.6245580000000001,9.524933552714845,0.5133402,9715,1285.3691172000001,1191.5162489,63.37064299999997,-0.4981917999999723,-0.4981917999999723,-0.03572193333333473,0.0010107000000000033,0.19471669999999996,-0.3151662,4.580306290342994,0.35040420000000005,-0.04328358208955224
1601130020,5 DE JUNIO,2974.4882338,1687.6116919,1947.0203617,752.8546941,503.7688234,438.9232004,377.5801437,378.2123359,262.9678325,263.60002480000003,33.955545675,33.01231725833333,0.2181469,0.2172718,0.5042214,0.3473713,0.8205649,0.6863028,5.952145841245727,13.30358273199139,0.6528926,0.3056871,-4.003298333999965,-73.39308999999997,0,0,31,0,0,0,0,0,2331.04996285,1349.9375279,471.3460119,377.8962398,263.28392865,33.48393146666667,0.21770935,0.42579635000000005,0.75343385,9.627864286618559,0.47928985,0,1286.8765419000001,1194.1656676,64.84562299999999,-0.63219220000002,-0.6321923000000425,0.9432284166666705,8.751000000000175e-4,0.15685010000000005,0.13426210000000005,7.3514368907456635,0.34720550000000006,0
1601130032,PAUJIL I ZONA,2956.7495666,1683.5988905,1928.0003963,747.5052256,503.5046312,440.4502204,378.0985537,378.6597256,262.9563178,263.5174897,33.080761275,33.27676511666667,0.2178342,0.2167827,0.5709041,0.3407466,0.5113246,0.9742469,6.444922765257027,10.863889592301849,0.7300797,0.3551799,-4.042299999999955,-73.43765833299994,2,0,145,0.041379310344827586,0,0.041379310344827586,0,0,2320.17422855,1337.75281095,471.9774258,378.37913965,263.23690375,33.178763195833334,0.21730845,0.45582535,0.74278575,8.654406178779437,0.5426298,145,1273.1506761,1180.4951707,63.05441080000003,-0.5611718999999766,-0.5611718999999766,-0.1960038416666663,0.0010515000000000108,0.23015750000000001,-0.4629223,4.418966827044822,0.3748998,-0.013793103448275862
1601130030,PAUJIL II ZONA,2975.6485014,1687.3773099,1947.7634382,754.212435,496.8338023,434.8837107,377.593728,377.9842309,261.9097201,262.3002229,31.822475591666667,32.72974680833333,0.2174959,0.2164625,0.3364893,0.2180165,0.2303101,0.6552043,3.103910897354765,5.121503607138337,0.6738418,0.3258644,-4.003309999999942,-73.46996833299994,0,0,51,0.11764705882352941,0,0.11764705882352941,0,0,2331.51290565,1350.9879366,465.8587565,377.78897945,262.10497150000003,32.2761112,0.21697919999999998,0.2772529,0.44275719999999996,4.112707252246551,0.49985310000000005,0,1288.2711915,1193.5510032000002,61.95009160000001,-0.3905029000000013,-0.39050279999997883,-0.9072712166666648,0.0010333999999999899,0.11847279999999999,-0.4248942,2.0175927097835715,0.34797740000000005,0
1601130029,24 DE JUNIO,2968.4056679,1686.4539734,1939.4468391,750.7588684,502.8766845,439.0720967,377.8154727,378.3487019,262.7917905,263.3250198,33.4804313,33.100577933333334,0.2178774,0.216881,0.5261234,0.3345838,0.5424229,0.7518794,7.718477298596181,12.616795244719867,0.6784373,0.3241984,-4.021109999999965,-73.42367166699995,0,0,16,0,0,0,0,0,2327.42982065,1345.1028537500001,470.9743906,378.0820873,263.05840515,33.29050461666667,0.2173792,0.4303536,0.64715115,10.167636271658024,0.50131785,0,1281.9516945,1188.6879707,63.804587800000036,-0.5332291999999939,-0.5332293000000163,0.3798533666666657,9.964000000000084e-4,0.19153960000000003,-0.20945649999999993,4.8983179461236865,0.3542389,0
1601130033,NUEVO HORIZONTE,2937.7040377,1678.7597721,1910.7220213,743.82378,505.2301858,443.0207332,378.4974882,379.0955512,263.2862026,263.8842655,33.046601716666665,33.22548365833333,0.2178455,0.2167498,0.4721282,0.2888982,0.5553374,0.8872165,8.651100987091876,12.896735003796508,0.8498376,0.3786143,-4.071663332999947,-73.44562833299995,0,0,308,0.022727272727272728,0,0.022727272727272728,0,0,2308.2319049,1327.27290065,474.12545950000003,378.7965197,263.58523405000005,33.136042687499994,0.21729765,0.3805132,0.72127695,10.773917995444192,0.61422595,0,1258.9442655999999,1166.8982412999999,62.20945260000002,-0.5980629999999678,-0.5980629000000022,-0.17888194166666693,0.001095700000000005,0.18323,-0.3318791,4.245634016704631,0.47122329999999996,0
1601130039,EX PETROLEROS II ZONA,2938.2699396,1677.5633112,1911.8351828,743.8336966,502.1820222,441.2157386,378.3957545,378.9366987,262.7953284,263.3362727,32.546224716666664,33.26920088333333,0.2176798,0.2165636,0.424284,0.2533932,0.3256254,0.947628,7.964159067882472,11.588272543059777,0.8727249,0.3660274,-4.064826666999977,-73.47497999999996,1,0,9,0,0,0,0,0,2307.9166254,1327.8344397,471.6988804,378.6662266,263.06580055,32.9077128,0.2171217,0.3388386,0.6366267,9.776215805471125,0.61937615,4.5,1260.7066283999998,1168.0014861999998,60.9662836,-0.5409442000000126,-0.5409442999999783,-0.722976166666669,0.0011162000000000116,0.1708908,-0.6220026000000001,3.624113475177305,0.5066975,-0.1111111111111111
1601130037,EX PETROLERO I ZONA,2922.2420704,1674.42392,1895.674353,739.8514523,506.6398337,445.0676481,378.798179,379.4132763,263.4579989,264.0730961,32.951131233333335,33.38989038333333,0.2179544,0.2167979,0.4288356,0.2754502,0.6120694,0.9791745,7.20754716981132,11.900341901988098,0.8508963,0.3669954,-4.094611473999976,-73.45324767899996,4,3,796,0.020100502512562814,0,0.020100502512562814,0.001256281407035176,0.001256281407035176,2298.3329952,1317.7629026500001,475.8537409,379.10572765,263.7655475,33.17051080833333,0.21737615,0.3521429,0.7956219499999999,9.553944535899708,0.60894585,2786,1247.8181504000001,1155.8229007,61.57218560000001,-0.6150973000000022,-0.6150971999999797,-0.43875914999999566,0.0011565000000000047,0.1533854,-0.36710509999999996,4.692794732176778,0.4839009,-0.001256281407035176
1601130040,SAN PEDRO PINTUYACU,2911.281589,1672.0109961,1884.6851256,737.3209173,511.3024568,449.213968,378.7564317,379.4224875,264.001164,264.6672198,34.07780356666667,33.88974553333333,0.2185518,0.2174656,0.2713061,0.2462784,0.4132017,0.6350077,0.7525303643724697,1.811993927125506,0.7898392,0.3391668,-4.103035340999952,-73.40280761499997,1,0,21,0.09523809523809523,0,0.09523809523809523,0,0,2291.64629255,1311.00302145,480.25821240000005,379.0894596,264.3341919,33.98377455,0.2180087,0.25879225,0.5241047,1.2822621457489878,0.564503,10.5,1239.2705929,1147.3642083,62.08848879999999,-0.666055799999981,-0.666055799999981,0.18805803333333415,0.0010861999999999816,0.025027699999999986,-0.22180599999999995,1.0594635627530364,0.4506724,-0.047619047619047616
1601130045,SAN LUCAS,2915.8870177,1672.7137055,1889.2128882,738.0970826,507.4334984,446.0314775,378.9082223,379.5133786,263.5167368,264.1218931,32.90192365,33.420855491666664,0.2180019,0.2168192,0.4393082,0.2793256,0.601492,1.0003505,7.041893431211239,11.719908872294646,0.8430739,0.3616314,-4.10399728699997,-73.45458188499998,13,1,186,0.03763440860215054,0,0.03763440860215054,0,0,2294.3003616,1313.6549854,476.73248795,379.21080044999997,263.81931495000003,33.161389570833336,0.21741054999999998,0.3593169,0.80092125,9.380901151752942,0.60235265,1302,1243.1733121999998,1151.1158056,61.402020900000025,-0.6051563000000328,-0.6051563000000328,-0.5189318416666637,0.0011827000000000087,0.15998259999999997,-0.3988584999999999,4.6780154410834065,0.48144250000000005,-0.06451612903225806
1601130043,UNION,2897.5288523,1669.3362227,1871.7901332,735.1663777,512.471425,450.9754322,379.0160731,379.5850711,264.0096934,264.5786914,33.90649248333333,33.871293791666666,0.2184723,0.217286,0.2590755,0.2234197,0.4973747,0.5650184,0.8326375711574953,2.2333965844402277,0.7904221,0.3529246,-4.127522623999937,-73.41596055999997,76,8,16,0,0,0,0,0,2283.4325375,1303.47825545,481.7234286,379.3005721,264.29419240000004,33.8888931375,0.21787915000000002,0.2412476,0.53119655,1.5330170777988614,0.57167335,672,1228.1926296,1136.6237554999998,61.495992799999954,-0.568997999999965,-0.5689980000000219,0.03519869166666467,0.0011863000000000012,0.035655800000000015,-0.06764370000000003,1.4007590132827326,0.43749750000000004,-4.25
1601130044,10 DE OCTUBRE I ZONA,2902.698159,1669.6774225,1876.0186578,734.9836187,509.7811145,448.5016381,379.1050579,379.6823171,263.7162031,264.2934623,33.34716289166667,33.3809726,0.2180933,0.2168604,0.355729,0.2570638,0.7279601,0.939129,5.191144845034788,8.838583175205565,0.8452034,0.3441707,-4.123836852999943,-73.44824611699994,0,0,43,0,0,0,0.023255813953488372,0,2286.18779075,1305.50113825,479.1413763,379.3936875,264.00483269999995,33.36406774583334,0.21747685,0.3063964,0.83354455,7.014864010120177,0.59468705,0,1233.0207365,1141.0350391000002,61.27947640000002,-0.5772591999999577,-0.5772592000000145,-0.033809708333329525,0.0012328999999999812,0.09866520000000001,-0.2111689,3.647438330170777,0.5010327000000001,0
1601130056,CAHUIDE,2832.7034322,1650.2980536,1808.5890743,711.9439849,511.9342826,458.2606706,380.5192957,381.1832302,264.3311475,264.995082,32.59718765,33.737008591666665,0.2181511,0.2166717,0.3610758,0.2757729,0.6237134,0.6366035,3.0604026845637584,3.90059516272002,0.5246164,0.2975859,-4.230846225999926,-73.48743541599998,6,24,794,0.0025188916876574307,0,0.0025188916876574307,0.011335012594458438,0.0012594458438287153,2241.5007428999998,1260.2665296,485.09747660000005,380.85126295,264.66311475,33.16709812083333,0.21741139999999998,0.31842435,0.6301584499999999,3.480498923641889,0.41110115,11910,1182.4053786,1096.6450894,53.67361199999999,-0.663934500000039,-0.663934500000039,-1.1398209416666631,0.0014793999999999918,0.08530290000000001,-0.012890100000000015,0.8401924781562617,0.22703049999999997,0.022670025188916875
1601130046,EL TRIUNFO,2883.3728352,1664.5070262,1857.3424542,729.8157348,510.7445571,450.4339535,379.5052895,380.0468679,263.6540871,264.1956655,32.656366008333336,33.458366975000004,0.2179549,0.2166667,0.2917965,0.2359259,0.7837419,0.7576801,0.7618324474816502,2.0998481397114657,0.7409055,0.2760794,-4.154148539999937,-73.47430957899996,2,0,112,0.017857142857142856,0,0.017857142857142856,0,0,2273.9399307,1293.5790944999999,480.5892553,379.77607869999997,263.92487630000005,33.05736649166667,0.2173108,0.2638612,0.7707109999999999,1.430840293596558,0.50849245,112,1218.865809,1127.5267194,60.310603600000036,-0.5415783999999917,-0.5415783999999917,-0.8020009666666681,0.0012882000000000171,0.05587060000000002,0.026061800000000024,1.3380156922298154,0.4648261,-0.017857142857142856
1601130055,12 DE ABRIL,2840.0983371,1652.6666337,1816.0749777,715.4307136,512.1244482,457.1323171,380.3977432,381.0487528,264.2902554,264.941265,32.44747713333334,33.699035308333336,0.2181032,0.2166587,0.3508206,0.2653851,0.5419636,0.7239961,3.1495764319130104,3.988746997091921,0.529578,0.2948196,-4.219298394999953,-73.48396803699995,0,0,244,0.00819672131147541,0,0.00819672131147541,0.00819672131147541,0,2246.3824854,1265.75284565,484.62838265,380.723248,264.61576019999995,33.073256220833336,0.21738095000000002,0.30810285,0.63297985,3.5691617145024654,0.4121988,0,1187.4317034000003,1100.6442641,54.99213109999994,-0.651009600000009,-0.651009600000009,-1.2515581749999996,0.0014444999999999875,0.0854355,-0.18203250000000004,0.8391705651789105,0.23475839999999998,0
1601130049,HABANA,2851.0665214,1656.0359106,1826.7955322,720.0104017,512.2486602,455.4761355,380.2106147,380.842112,264.2263956,264.8578929,32.34942048333333,33.589497925,0.2180427,0.2166505,0.3493568,0.2562611,0.5720596,0.6538682,3.235078401618614,4.121901871522509,0.5652825,0.3007821,-4.203190628999948,-73.47927616599998,0,0,112,0,0,0,0,0,2253.551216,1273.40296695,483.86239785,380.52636335,264.54214425,32.96945920416667,0.2173466,0.30280895,0.6129639,3.678490136570561,0.43303230000000004,0,1195.0306108,1106.7851305,56.77252470000002,-0.6314972999999782,-0.631497300000035,-1.2400774416666707,0.00139220000000001,0.0930957,-0.08180860000000001,0.8868234699038946,0.2645004,0
1601130054,NUEVO MIRAFLORES,2839.3444621,1653.0399247,1815.5104022,715.8257381,512.5965326,457.9737121,380.2389786,380.9052506,264.2965623,264.9628344,32.409699025,34.03522029166667,0.2181941,0.2167727,0.3586041,0.2692787,0.4988887,0.6427284,3.060698027314112,3.930703085483055,0.5334664,0.2953516,-4.22314443199997,-73.46673350299994,0,0,89,0.02247191011235955,0,0.02247191011235955,0,0,2246.1921934,1265.66807015,485.28512235000005,380.57211459999996,264.62969835,33.222459658333335,0.2174834,0.3139414,0.57080855,3.4957005563985835,0.414409,0,1186.3045373999998,1099.6846641000002,54.622820500000046,-0.6662719999999922,-0.6662721000000147,-1.6255212666666665,0.0014213999999999893,0.0893254,-0.14383969999999996,0.8700050581689434,0.23811480000000002,0
1601130057,12 DE OCTUBRE,2810.5055179,1642.9691196,1786.878359,704.0841293,514.1454842,462.6007671,380.9705597,381.6004404,264.2547335,264.8846142,32.318479025,33.19995705833333,0.2181524,0.2165402,0.192828,0.2105154,0.4154991,0.3825569,0.12419375237131657,0.2702668521563172,0.5507146,0.3101244,-4.246472446999974,-73.54844921799997,1,0,61,0,0,0,0,0,2226.73731875,1245.48124415,488.37312565,381.28550005,264.56967384999996,32.75921804166667,0.2173463,0.2016717,0.399028,0.19723030226381688,0.43041950000000007,30.5,1167.5363983,1082.7942297,51.54471710000007,-0.6298807000000011,-0.6298807000000011,-0.8814780333333303,0.001612200000000008,-0.017687399999999992,0.03294220000000003,0.1460730997850006,0.24059020000000003,-0.01639344262295082
1601130018,ZUNGARO COCHA,3007.2327113,1713.5721499,1976.7372902,779.8006534,479.716712,413.7272709,378.2160784,378.5479432,262.2325924,262.5644572,30.144511558333335,30.385460283333337,0.2184753,0.2177882,2.155796,1.1769242,0.6896828,1.3054753,123.08151898734177,156.4386075949367,3.0009487,1.9247578,-3.828583225999978,-73.35497277799993,120,134,813,0.03075030750307503,0,0.03075030750307503,0.007380073800738007,0.0012300123001230013,2360.4024306,1378.2689718,446.72199145,378.3820108,262.3985248,30.264985920833336,0.21813175,1.6663601,0.9975790499999999,139.76006329113923,2.46285325,103251,1293.6605614,1196.9366368,65.989441099999965,-0.3318648000000053,-0.3318648000000053,-0.24094872500000264,6.871000000000238e-4,0.9788718000000001,-0.6157924999999999,33.357088607594946,1.0761908999999998,0.017220172201722016
1601130074,ANGEL CARDENAS,2951.5326728,1682.4906118,1923.1431756,746.2279911,505.2074659,441.7681298,378.2193906,378.8117612,263.2273272,263.8196978,33.60120385,33.55656501666667,0.2179532,0.2169265,0.5391196,0.3397817,0.5175172,0.9761611,6.729285262492094,10.572675521821632,0.7579593,0.3504101,-4.050179999999955,-73.42644666599995,0,0,50,0.02,0,0.02,0,0,2317.0116423,1334.68558335,473.48779785,378.5155759,263.5235125,33.57888443333333,0.21743985,0.43945065000000005,0.74683915,8.650980392156862,0.5541847,0,1269.042061,1176.9151845,63.43933609999999,-0.5923705999999811,-0.5923705999999811,0.0446388333333303,0.0010267000000000193,0.1993379,-0.4586439,3.8433902593295377,0.4075492,0
1601130077,CREACION 2000,2924.4176651,1674.9102386,1898.1580354,740.2584909,510.2047975,447.3584959,378.5359144,379.2505298,263.909496,264.6241113,34.41539420833333,33.69060914166667,0.2185382,0.2175368,0.2939664,0.2821506,0.3720615,0.4156408,0.8968223825800734,2.1791365995695657,0.7690218,0.3176846,-4.082073332999926,-73.39512333299996,0,0,12,0,0,0,0.08333333333333333,0,2299.6639518499996,1319.20826315,478.7816467,378.8932221,264.26680365,34.053001675000004,0.2180375,0.2880585,0.39385115,1.5379794910748195,0.5433532,0,1249.5074264999998,1157.8995445,62.846301600000004,-0.7146153999999569,-0.7146152999999913,0.7247850666666622,0.0010013999999999856,0.011815800000000043,-0.04357929999999999,1.2823142169894923,0.4513372,0
1601130078,NUEVO TRIUNFO,2896.4430254,1667.0729136,1869.5150975,732.6530047,507.0724136,447.3548411,379.1756757,379.7192407,263.0880804,263.6316454,32.35372796666667,33.50534006666667,0.2175566,0.2162327,0.2524172,0.2090602,0.8463396,0.7793685,0.6149759676195294,1.856185175815836,0.7608044,0.2910447,-4.12628744999995,-73.49783531499997,0,0,16,0.125,0,0.125,0,0,2281.7579695,1301.0840511,477.21362735,379.4474582,263.35986290000005,32.929534016666665,0.21689465,0.23073870000000002,0.81285405,1.2355805717176827,0.52592455,0,1229.3701118,1136.8620928,59.71757250000002,-0.543565000000001,-0.543565000000001,-1.1516121000000012,0.001323899999999989,0.04335700000000001,0.06697109999999995,1.2412092081963066,0.46975970000000006,0
1601130079,HUAMBE,2877.0502746,1662.9073185,1851.3410362,727.8842595,510.5827948,451.0103271,379.6343758,380.1535801,263.5312534,264.0504577,32.78162183333333,33.38079575,0.2177073,0.2163798,0.2835554,0.2274572,0.7307749,0.8671893,0.9815400177013528,1.8145151093690732,0.6984266,0.2785527,-4.162137172999962,-73.49032963399998,0,0,59,0,0,0,0,0,2269.97879655,1289.61264785,480.79656094999996,379.89397795,263.79085555,33.08120879166667,0.21704355,0.2555063,0.7989821,1.398027563535213,0.48848965,0,1214.1429561000002,1123.4567766999999,59.572467700000004,-0.5192043000000126,-0.5192042999999558,-0.5991739166666648,0.0013274999999999815,0.056098200000000015,-0.13641440000000005,0.8329750916677204,0.4198739,0
1601130082,10 DE OCTUBRE II ZONA,2885.0920154,1665.2062927,1859.1518749,730.7470565,511.3167804,450.6152419,379.4678045,380.0148857,263.8059909,264.3530721,32.776977466666665,33.44411638333333,0.2181008,0.2168342,0.2933368,0.2373105,0.791559,0.8328569,0.752058786266312,1.9455213480299,0.7621212,0.2754348,-4.1530897729999765,-73.46200774599998,0,0,86,0,0,0,0,0,2275.14915405,1294.9494657,480.96601115,379.7413451,264.07953150000003,33.110546924999994,0.2174675,0.26532365,0.81220795,1.348790067148106,0.518778,0,1219.8857227,1128.4048183999998,60.70153850000003,-0.5470811999999796,-0.5470812000000365,-0.6671389166666657,0.0012666000000000066,0.0560263,-0.0412979,1.1934625617635881,0.4866864000000001,0
1601130083,LOS CEDROS,2839.7306112,1653.74927,1816.1533284,716.9833705,513.1309973,458.6927147,379.9882158,380.6552685,264.171121,264.8381737,32.118931475000004,34.358842325,0.2182064,0.2167989,0.3439726,0.2497306,0.4044015,0.6164688,3.018588770864947,3.910217501264542,0.5574029,0.2882293,-4.222399550999967,-73.45162165999994,0,0,13,0.07692307692307693,0,0.07692307692307693,0,0.15384615384615385,2246.7399406,1266.56834945,485.911856,380.32174215,264.50464735,33.2388869,0.21750265,0.2968516,0.5104351500000001,3.4644031360647443,0.42281610000000003,0,1185.9813412,1099.1699579,54.43828259999998,-0.6670526999999993,-0.6670526999999993,-2.239910849999994,0.001407500000000006,0.09424200000000002,-0.21206730000000001,0.8916287303995953,0.2691736,0
1601130084,HUASCAR,2805.5148559,1640.8615926,1781.8730316,701.2779538,513.7736605,463.5999554,381.0247846,381.6769436,264.3075072,264.9596662,32.81988346666667,33.27710531666667,0.2181578,0.2165428,0.2071996,0.2202616,0.4529197,0.4184378,0.6761615394353716,1.46803392834536,0.5227325,0.3107319,-4.260209217999943,-73.54599969499998,0,0,10,0,0,0,0,0,2223.18822425,1241.5754927,488.68680795,381.35086409999997,264.6335867,33.048494391666665,0.2173503,0.2137306,0.43567875,1.072097733890366,0.4167322,0,1164.6532633,1080.5950778000001,50.17370510000001,-0.6521590000000401,-0.6521590000000401,-0.45722185000000337,0.0016150000000000053,-0.01306199999999999,0.034481899999999954,0.7918723889099885,0.21200060000000004,0
1601130086,NUEVO SAN JUAN,2785.1996438,1633.5646023,1761.0036605,690.1790661,514.5537149,470.287683,380.9987732,381.5796498,263.9801741,264.5610507,32.880466925,32.58804260833333,0.2176673,0.2159304,0.3009844,0.2928585,0.2062203,0.7090458,1.1959519291587604,1.948134092346616,0.4596895,0.2901116,-4.330361666999977,-73.53153941199997,0,0,104,0,0,0,0,0,2209.38212305,1225.5913633,492.42069895000003,381.2892115,264.2706124,32.734254766666666,0.21679885,0.29692145000000003,0.45763305,1.5720430107526882,0.37490055,0,1151.6350415000002,1070.8245944,44.26603190000003,-0.5808766000000105,-0.5808766000000105,0.29242431666666846,0.0017369000000000134,0.008125899999999964,-0.5028254999999999,0.7521821631878556,0.16957789999999995,0
1601130088,SANTA CATALINA,2901.0467373,1668.2530449,1874.1064957,733.7340331,507.2751114,447.0646302,379.1429003,379.6943509,263.2672443,263.8186949,32.546066116666665,33.479861158333335,0.2177696,0.2164914,0.3034193,0.2269846,0.7780443,0.9269714,4.167910919903834,7.013665696570922,0.8061733,0.3119873,-4.121844146999933,-73.48356248899995,0,0,20,0,0,0,0,0,2284.6498911,1303.9202644000002,477.1698708,379.41862560000004,263.5429696,33.0129636375,0.2171305,0.26520195,0.8525078500000001,5.590788308237379,0.5590803,0,1232.7936924,1140.3724626,60.210481200000004,-0.5514506000000097,-0.5514506000000097,-0.93379504166667,0.0012782000000000071,0.0764347,-0.14892709999999998,2.8457547766670883,0.49418599999999996,0
1601130089,23 DE FEBRERO,2887.1737022,1665.8020488,1861.1594002,731.3213243,511.2567823,450.4489632,379.423764,379.9717128,263.8254813,264.37343,32.91290434166667,33.464850741666666,0.2181286,0.2168661,0.2988643,0.2376757,0.6862648,0.9260843,1.0612580685989117,2.3316035944817113,0.7782326,0.2783579,-4.149769548999927,-73.45847309199996,0,0,17,0,0,0,0,0,2276.4878755,1296.24036225,480.85287274999996,379.6977384,264.09945565,33.18887754166667,0.21749735,0.26827,0.8061745499999999,1.6964308315403116,0.52829525,0,1221.3716534000002,1129.8380759,60.80781910000002,-0.5479487999999719,-0.5479487000000063,-0.5519463999999985,0.0012624999999999997,0.06118860000000004,-0.23981949999999996,1.2703455258827996,0.49987470000000006,0
1601130090,SAN MARTIN II ZONA,2867.9916844,1661.9568381,1844.2175419,727.9978221,513.9811068,454.8373311,379.5256348,380.0445627,264.0155076,264.5344355,32.512248066666665,33.97853811666667,0.2182162,0.2169319,0.2355068,0.2085649,0.5123834,0.4704998,0.6510508989617625,1.5834388452772854,0.7211062,0.2828817,-4.1790544739999405,-73.43787941499994,0,0,31,0,0,0,0,0,2264.97426125,1286.107682,484.40921894999997,379.78509875,264.27497155,33.24539309166667,0.21757405000000002,0.22203584999999998,0.49144160000000003,1.117244872119524,0.50199395,0,1206.0348463,1116.2197198,59.14377570000005,-0.5189278999999942,-0.5189278999999942,-1.466290050000005,0.0012842999999999882,0.02694189999999999,0.04188360000000002,0.9323879463155229,0.4382245,0
1601130097,SHUSHUNA,3008.1797185,1716.1339711,1977.4593081,782.5699346,481.3695876,414.635567,377.9247819,378.2886499,262.1743705,262.5382385,29.981328758333333,30.759866691666662,0.2184941,0.2178228,2.6231869,1.6804287,0.8336378,1.0940833,169.92111927070144,213.34033932641177,3.6344207,2.2770957,-3.8301515449999783,-73.33552295699997,0,0,98,0,0,0,0.01020408163265306,0,2362.1568448,1380.01462135,448.0025773,378.10671590000004,262.35630449999996,30.370597724999996,0.21815845,2.1518078,0.96386055,191.63072929855662,2.9557582,0,1292.0457474,1194.8893735000001,66.73402060000001,-0.3638679999999681,-0.3638679999999681,-0.7785379333333289,6.712999999999858e-4,0.9427581999999999,-0.2604455000000001,43.419220055710326,1.3573250000000003,0
1601130017,QUISTOCOCHA,3006.6965736,1716.7261834,1976.6428996,783.9076055,480.71275,413.9346455,377.9672608,378.3140325,262.1280452,262.4748168,29.835148266666668,30.76703824166667,0.2185253,0.2178766,2.9079007,2.0141855,0.8606427,0.9463822,230.3750474984167,274.3067764407853,4.7523575,3.4028121,-3.8229990479999287,-73.32617853399995,85,59,2172,0.006906077348066298,0,0.006906077348066298,0.008287292817679558,0.016574585635359115,2361.7113785,1380.27525255,447.32369775,378.14064665,262.301431,30.301093254166666,0.21820095,2.4610431,0.90351245,252.340911969601,4.0775847999999995,156384,1289.9703902,1192.7352941,66.77810450000004,-0.3467716999999766,-0.34677160000001095,-0.9318899750000007,6.48700000000002e-4,0.8937151999999999,-0.08573949999999997,43.93172894236861,1.3495453999999998,-0.011970534069981584
1601130069,LOS DELFINES,3006.4907568,1713.7342023,1976.0042127,779.8814492,483.6965951,417.0129454,377.6540368,378.0342667,262.1821629,262.5623928,30.461806816666662,30.963142066666663,0.2184877,0.2178065,2.7444578,1.5187699,0.8053557,1.1116538,105.42918617896468,139.41323883052775,2.9088141,1.8269512,-3.8447861199999807,-73.33940006499995,0,0,4366,0.001603298213467705,2.2904260192395785e-4,0.0018323408153916628,0.004351809436555199,0.022904260192395786,2360.11247955,1377.94283095,450.35477025,377.84415175,262.37227785,30.712474441666664,0.21814709999999998,2.13161385,0.95850475,122.42121250474622,2.36788265,0,1292.7565544999998,1196.1227635,66.68364970000005,-0.38022990000001755,-0.38022990000001755,-0.5013352500000003,6.812000000000207e-4,1.2256879000000003,-0.3062981,33.98405265156306,1.0818628999999997,0
1601130093,CALIPSO,3004.3164181,1709.4469498,1974.2877249,775.2105654,488.1758363,421.7973487,377.1029486,377.4856831,262.0861044,262.4688389,31.293128366666668,31.540108483333334,0.2184169,0.2177223,2.3842059,1.3312145,1.253926,0.7233917,64.21635650082288,85.35991897708571,1.96735,1.0655182,-3.874062424999977,-73.34769901399994,0,0,1155,0.0025974025974025974,0,0.0025974025974025974,0.0017316017316017316,8.658008658008658e-4,2356.88168395,1374.74914515,454.98659250000003,377.29431585,262.27747165,31.416618425000003,0.2180696,1.8577102,0.98865885,74.7881377389543,1.5164341000000001,0,1294.8694683,1199.0771595,66.37848760000003,-0.3827345000000264,-0.38273449999996956,-0.2469801166666663,6.945999999999897e-4,1.0529914,0.5305343000000001,21.14356247626283,0.9018317999999999,0
1603010024,SANTA CRUZ,2722.1348515,1615.8013861,1692.4756931,662.7754455,515.3945248,486.8186733,383.0895,383.6153911,265.0904554,265.6160099,32.21265030833333,34.19669656666667,0.2186032,0.2165947,0.6507351,0.4252409,0.5098817,0.0386586,41.29953158627674,45.054437270540575,1.1657098,0.7719304,-4.480263332999925,-73.54580999999996,1,0,170,0,0,0,0,0,2168.9681188,1177.6255693,501.10659905,383.35244554999997,265.35323265,33.2046734375,0.21759895,0.537988,0.27427015,43.17698442840866,0.9688201,85,1106.3334654,1029.7002475999998,28.5758515,-0.5258911000000239,-0.5255544999999984,-1.9840462583333363,0.0020084999999999964,0.22549420000000003,0.4712231,3.754905684263832,0.3937793999999999,-0.0058823529411764705
1603010099,1 DE FEBRERO,2768.4430248,1630.3910761,1744.5793097,685.0286733,517.6847373,475.6380478,381.0248799,381.6749468,263.6305948,264.2806616,32.1458072,32.36386293333334,0.2173668,0.2155981,0.2891719,0.2734898,0.2967128,0.4451156,0.8180782377516141,1.3364982909229015,0.4404273,0.2754123,-4.356996666999976,-73.55275999999998,1,0,183,0,0,0,0,0,2199.41705045,1214.8039915,496.66139255,381.34991334999995,263.9556282,32.25483506666667,0.21648245,0.28133085,0.37091419999999997,1.0772882643372579,0.3579198,91.5,1138.0519487,1059.5506364,42.04668950000007,-0.650066900000013,-0.6500667999999905,-0.21805573333333683,0.001768700000000012,0.015682099999999977,-0.1484028,0.5184200531712874,0.16501500000000002,-0.00546448087431694
1601120049,SAN JUAN DE MUNICH,2985.6136961,1695.9311729,1959.0914226,763.2870522,499.312923,433.0766711,376.6341856,377.3145582,262.8583866,263.5387592,32.82222863333333,33.540901741666666,0.2183139,0.2176578,0.5712499,0.51248,0.7262546,0.3390603,1.5416613984068783,4.4128208370211155,0.7308233,0.348718,-3.935639684999955,-73.32015977799995,17,4,147,0.14965986394557823,0,0.14965986394557823,0.10884353741496598,0.2108843537414966,2340.7724345,1361.1892374,466.19479705000003,376.97437190000005,263.19857290000004,33.1815651875,0.21798585,0.54186495,0.53265745,2.977241117713997,0.5397706499999999,1543.5,1289.6825232,1195.8043704000002,66.23625190000001,-0.6803725999999983,-0.6803725999999983,-0.7186731083333342,6.560999999999928e-4,0.05876989999999993,0.3871943,2.871159438614237,0.3821053,-0.08843537414965986
1601120076,5 DE DICIEMBRE,2993.5144357,1705.492646,1966.5642549,773.7641262,491.5273362,424.5898034,376.7404942,377.1919031,262.4295449,262.8809538,32.20905470833333,32.509800008333336,0.2184758,0.217836,2.2069639,1.2575575,0.5536597,0.4965966,42.69257056068852,56.01898493861537,1.8066673,0.83094,-3.8814579729999537,-73.31897711599999,0,0,25,0,0.04,0.04,0,0,2349.50354085,1370.16419055,458.0585698,376.96619865,262.65524934999996,32.359427358333335,0.2181559,1.7322606999999999,0.52512815,49.35577774965195,1.31880365,0,1288.0217897,1192.8001287,66.93753279999999,-0.4514088999999899,-0.4514088999999899,-0.30074530000000266,6.397999999999959e-4,0.9494063999999998,0.05706309999999998,13.326414377926845,0.9757273,0
1601130098,VILLA CRUZ,3007.1836452,1709.7137907,1976.469607,775.7044847,482.896535,417.3873478,377.9152559,378.2185675,262.1632363,262.4665479,31.066146608333337,30.50768928333333,0.2185176,0.2177996,1.9173546,1.0702678,1.0503479,0.9953165,65.23421485511831,84.87586992281412,1.9348823,1.209281,-3.853170524999939,-73.37349268399998,0,0,178,0,0,0,0,0,2358.4487179499997,1376.0870458499999,450.14194139999995,378.0669117,262.3148921,30.786917945833334,0.2181586,1.4938112000000001,1.0228322,75.05504238896621,1.5720816499999999,0,1297.4698544999999,1200.7651223,65.50918719999999,-0.3033116000000291,-0.3033116000000291,0.5584573250000062,7.179999999999964e-4,0.8470867999999998,0.05503139999999995,19.641655067695808,0.7256012999999999,0
1601130099,SAN CIRILO,2948.0258608,1681.0956156,1920.4182809,746.1363884,502.9850582,440.9149864,378.2717959,378.8247857,262.9403072,263.493297,32.70480980833333,33.174979566666664,0.2177925,0.216725,0.4874126,0.2969599,0.3841248,0.9083583,8.07510431154381,11.975344544190165,0.8232039,0.3665942,-4.056845026999952,-73.45509807599996,0,0,242,0.004132231404958678,0,0.004132231404958678,0.004132231404958678,0,2314.5607382,1333.2773346499998,471.9500223,378.5482908,263.2168021,32.9398946875,0.21725875,0.39218624999999996,0.6462415499999999,10.025224427866988,0.59489905,0,1266.9302452,1174.2818925,62.07007180000005,-0.5529898000000344,-0.5529897999999775,-0.4701697583333342,0.001067499999999999,0.19045269999999997,-0.5242335,3.900240232646354,0.4566097,0
